{
    "optimal_T": 4.755642414093018,
    "groups": {
        "aquatic_mammals": {
            "accuracy": 0.5260000228881836,
            "nll": 1.8488024473190308,
            "ece": 0.1950240135192871,
            "entropy": 2.6147096157073975
        },
        "fish": {
            "accuracy": 0.6360000371932983,
            "nll": 1.5640310049057007,
            "ece": 0.2192135453224182,
            "entropy": 2.385956048965454
        },
        "flowers": {
            "accuracy": 0.7140000462532043,
            "nll": 1.151012897491455,
            "ece": 0.1582094430923462,
            "entropy": 1.727331280708313
        },
        "food_containers": {
            "accuracy": 0.6360000371932983,
            "nll": 1.3619484901428223,
            "ece": 0.1613236665725708,
            "entropy": 2.056551933288574
        },
        "fruit_and_veg": {
            "accuracy": 0.7280000448226929,
            "nll": 1.1120201349258423,
            "ece": 0.16668954491615295,
            "entropy": 1.7581247091293335
        },
        "household_electrical_devices": {
            "accuracy": 0.6760000586509705,
            "nll": 1.4151664972305298,
            "ece": 0.19413840770721436,
            "entropy": 2.0984840393066406
        },
        "household_furniture": {
            "accuracy": 0.706000030040741,
            "nll": 1.303051471710205,
            "ece": 0.2047981321811676,
            "entropy": 2.00738525390625
        },
        "insects": {
            "accuracy": 0.6660000085830688,
            "nll": 1.4119004011154175,
            "ece": 0.19077353179454803,
            "entropy": 2.142268657684326
        },
        "large_carnivores": {
            "accuracy": 0.6680000424385071,
            "nll": 1.4304914474487305,
            "ece": 0.23318852484226227,
            "entropy": 2.2768478393554688
        },
        "large_man-made_outdoor_things": {
            "accuracy": 0.7760000228881836,
            "nll": 0.9975407123565674,
            "ece": 0.21866454184055328,
            "entropy": 1.8601206541061401
        },
        "large_natural_outdoor_scenes": {
            "accuracy": 0.734000027179718,
            "nll": 1.3124347925186157,
            "ece": 0.29106342792510986,
            "entropy": 2.3606369495391846
        },
        "large_omnivores_and_herbivores": {
            "accuracy": 0.6620000600814819,
            "nll": 1.539560079574585,
            "ece": 0.2433273047208786,
            "entropy": 2.377952814102173
        },
        "medium_mammals": {
            "accuracy": 0.6580000519752502,
            "nll": 1.4845359325408936,
            "ece": 0.208696186542511,
            "entropy": 2.2444348335266113
        },
        "non-insect_invertebrates": {
            "accuracy": 0.6060000061988831,
            "nll": 1.6741811037063599,
            "ece": 0.21388313174247742,
            "entropy": 2.5222012996673584
        },
        "people": {
            "accuracy": 0.4780000150203705,
            "nll": 1.6410905122756958,
            "ece": 0.10645858198404312,
            "entropy": 2.160785675048828
        },
        "reptiles": {
            "accuracy": 0.4960000216960907,
            "nll": 2.020146369934082,
            "ece": 0.1953951120376587,
            "entropy": 2.8466992378234863
        },
        "small_mammals": {
            "accuracy": 0.5200000405311584,
            "nll": 1.8516135215759277,
            "ece": 0.1658523678779602,
            "entropy": 2.5739681720733643
        },
        "trees": {
            "accuracy": 0.6480000019073486,
            "nll": 1.2125356197357178,
            "ece": 0.1505836695432663,
            "entropy": 1.8023059368133545
        },
        "vehicles_1": {
            "accuracy": 0.7460000514984131,
            "nll": 1.007223129272461,
            "ece": 0.1669481247663498,
            "entropy": 1.651703953742981
        },
        "vehicles_2": {
            "accuracy": 0.7860000133514404,
            "nll": 1.0726882219314575,
            "ece": 0.24343150854110718,
            "entropy": 1.9250956773757935
        }
    },
    "distinct_baseline": {
        "accuracy": 0.6650000214576721,
        "nll": 1.3535500764846802,
        "ece": 0.19243139028549194,
        "entropy": 2.101109504699707
    }
}