{
    "optimal_T": 4.755683898925781,
    "corruptions": {
        "gaussian_noise": {
            "1": {
                "accuracy": 0.0803999975323677,
                "nll": 4.582013130187988,
                "ece": 0.12518104910850525
            },
            "2": {
                "accuracy": 0.03779999911785126,
                "nll": 5.473901748657227,
                "ece": 0.2110670655965805
            },
            "3": {
                "accuracy": 0.02329999953508377,
                "nll": 6.812464237213135,
                "ece": 0.3515745997428894
            },
            "4": {
                "accuracy": 0.019099999219179153,
                "nll": 8.674858093261719,
                "ece": 0.480078786611557
            },
            "5": {
                "accuracy": 0.014999999664723873,
                "nll": 11.358022689819336,
                "ece": 0.55283123254776
            }
        },
        "shot_noise": {
            "1": {
                "accuracy": 0.07029999792575836,
                "nll": 4.740234375,
                "ece": 0.1532340943813324
            },
            "2": {
                "accuracy": 0.03460000082850456,
                "nll": 5.81205415725708,
                "ece": 0.2514152526855469
            },
            "3": {
                "accuracy": 0.025100000202655792,
                "nll": 7.102576732635498,
                "ece": 0.366921603679657
            },
            "4": {
                "accuracy": 0.01889999955892563,
                "nll": 9.494233131408691,
                "ece": 0.4817846715450287
            },
            "5": {
                "accuracy": 0.01549999974668026,
                "nll": 11.506478309631348,
                "ece": 0.5300135016441345
            }
        },
        "impulse_noise": {
            "1": {
                "accuracy": 0.1623999923467636,
                "nll": 3.742133617401123,
                "ece": 0.07427167147397995
            },
            "2": {
                "accuracy": 0.04089999943971634,
                "nll": 5.307118892669678,
                "ece": 0.28320932388305664
            },
            "3": {
                "accuracy": 0.024399999529123306,
                "nll": 6.3759989738464355,
                "ece": 0.38940978050231934
            },
            "4": {
                "accuracy": 0.01679999940097332,
                "nll": 8.664069175720215,
                "ece": 0.5119651556015015
            },
            "5": {
                "accuracy": 0.013100000098347664,
                "nll": 11.05128288269043,
                "ece": 0.5439996719360352
            }
        },
        "defocus_blur": {
            "1": {
                "accuracy": 0.15039999783039093,
                "nll": 4.155258655548096,
                "ece": 0.11057659983634949
            },
            "2": {
                "accuracy": 0.05089999735355377,
                "nll": 5.5238142013549805,
                "ece": 0.17085987329483032
            },
            "3": {
                "accuracy": 0.030499998480081558,
                "nll": 5.73268985748291,
                "ece": 0.202922523021698
            },
            "4": {
                "accuracy": 0.02290000021457672,
                "nll": 5.715093612670898,
                "ece": 0.21424704790115356
            },
            "5": {
                "accuracy": 0.016899999231100082,
                "nll": 5.563057899475098,
                "ece": 0.19687585532665253
            }
        },
        "glass_blur": {
            "1": {
                "accuracy": 0.20899999141693115,
                "nll": 3.4712135791778564,
                "ece": 0.03934776782989502
            },
            "2": {
                "accuracy": 0.12429999560117722,
                "nll": 4.374516487121582,
                "ece": 0.12640419602394104
            },
            "3": {
                "accuracy": 0.07639999687671661,
                "nll": 5.0143723487854,
                "ece": 0.1715793013572693
            },
            "4": {
                "accuracy": 0.06780000030994415,
                "nll": 5.20683479309082,
                "ece": 0.17872926592826843
            },
            "5": {
                "accuracy": 0.05810000002384186,
                "nll": 5.442813873291016,
                "ece": 0.1655828356742859
            }
        },
        "motion_blur": {
            "1": {
                "accuracy": 0.05719999969005585,
                "nll": 5.432657718658447,
                "ece": 0.146999329328537
            },
            "2": {
                "accuracy": 0.04270000010728836,
                "nll": 5.680131912231445,
                "ece": 0.16259923577308655
            },
            "3": {
                "accuracy": 0.0429999977350235,
                "nll": 5.450839042663574,
                "ece": 0.15908183157444
            },
            "4": {
                "accuracy": 0.04529999941587448,
                "nll": 5.3511552810668945,
                "ece": 0.1570095270872116
            },
            "5": {
                "accuracy": 0.03619999811053276,
                "nll": 5.504412651062012,
                "ece": 0.19054383039474487
            }
        },
        "zoom_blur": {
            "1": {
                "accuracy": 0.5497999787330627,
                "nll": 1.8358557224273682,
                "ece": 0.17026489973068237
            },
            "2": {
                "accuracy": 0.4892999827861786,
                "nll": 2.0549256801605225,
                "ece": 0.13777808845043182
            },
            "3": {
                "accuracy": 0.40149998664855957,
                "nll": 2.4080963134765625,
                "ece": 0.08491473644971848
            },
            "4": {
                "accuracy": 0.35109999775886536,
                "nll": 2.6622493267059326,
                "ece": 0.05302468314766884
            },
            "5": {
                "accuracy": 0.3165999948978424,
                "nll": 2.8477418422698975,
                "ece": 0.034278687089681625
            }
        },
        "fog": {
            "1": {
                "accuracy": 0.03319999948143959,
                "nll": 5.729346752166748,
                "ece": 0.14966967701911926
            },
            "2": {
                "accuracy": 0.09849999845027924,
                "nll": 4.291223526000977,
                "ece": 0.06012890860438347
            },
            "3": {
                "accuracy": 0.27129998803138733,
                "nll": 3.0348191261291504,
                "ece": 0.09047296643257141
            },
            "4": {
                "accuracy": 0.31529998779296875,
                "nll": 2.8289027214050293,
                "ece": 0.11461754143238068
            },
            "5": {
                "accuracy": 0.4025999903678894,
                "nll": 2.4555563926696777,
                "ece": 0.16804452240467072
            }
        },
        "brightness": {
            "1": {
                "accuracy": 0.636900007724762,
                "nll": 1.4768431186676025,
                "ece": 0.19108846783638
            },
            "2": {
                "accuracy": 0.5906999707221985,
                "nll": 1.664959192276001,
                "ece": 0.18313992023468018
            },
            "3": {
                "accuracy": 0.5131999850273132,
                "nll": 1.9534894227981567,
                "ece": 0.1540752798318863
            },
            "4": {
                "accuracy": 0.42229998111724854,
                "nll": 2.3404719829559326,
                "ece": 0.11216550320386887
            },
            "5": {
                "accuracy": 0.3260999917984009,
                "nll": 2.7789859771728516,
                "ece": 0.05566975101828575
            }
        },
        "contrast": {
            "1": {
                "accuracy": 0.4342999756336212,